/blog     /blog.html   200
/contact  /contact.html 200
/about    /about.html   200
/services /services.html 200
/faq      /faq.html     200
/promotions /promotions.html 200
/service-injectables /service-injectables.html 200
/service-lasers /service-lasers.html 200
/testimonials /testimonials.html 200
